day_type,hour,mean_vehicles,median_vehicles,observed_hours
Weekday,0,655.2,624.0,1234
Weekday,1,400.2,381.0,1214
Weekday,2,303.1,288.0,1218
Weekday,3,362.9,356.0,1197
Weekday,4,830.1,846.0,1214
Weekday,5,2699.3,2774.0,1197
Weekday,6,5375.3,5588.0,1209
Weekday,7,6061.2,6320.5,1188
Weekday,8,5508.9,5751.0,1199
Weekday,9,4900.6,5053.0,1170
Weekday,10,4400.5,4484.5,1216
Weekday,11,4663.4,4714.0,1194
Weekday,12,4873.9,4921.0,1208
Weekday,13,4879.5,4919.5,1184
Weekday,14,5182.1,5232.0,1213
Weekday,15,5629.2,5740.0,1190
Weekday,16,6240.9,6403.5,1220
Weekday,17,5822.9,5986.5,1184
Weekday,18,4485.0,4554.0,1207
Weekday,19,3332.1,3360.0,1207
Weekday,20,2877.2,2900.0,1223
Weekday,21,2701.8,2669.5,1222
Weekday,22,2149.3,2021.0,1226
Weekday,23,1404.4,1223.0,1245
Weekend,0,1323.4,1303.0,489
Weekend,1,817.8,795.0,496
Weekend,2,620.3,609.0,479
Weekend,3,399.4,391.0,472
Weekend,4,381.6,379.0,489
Weekend,5,642.8,639.5,488
Weekend,6,1103.1,1091.5,474
Weekend,7,1600.2,1543.5,484
Weekend,8,2353.9,2266.5,490
Weekend,9,3132.9,3147.0,469
Weekend,10,3718.4,3722.0,489
Weekend,11,4082.0,4114.0,473
Weekend,12,4402.6,4442.5,484
Weekend,13,4407.6,4457.0,489
Weekend,14,4392.8,4457.0,484
Weekend,15,4372.4,4421.0,473
Weekend,16,4375.2,4438.0,487
Weekend,17,4186.4,4261.5,480
Weekend,18,3852.8,3920.0,475
Weekend,19,3257.6,3340.5,476
Weekend,20,2850.8,2890.0,486
Weekend,21,2693.3,2707.5,482
Weekend,22,2411.3,2374.0,493
Weekend,23,1707.9,1716.0,495
